{
  "distributional": {
    "descriptive": {
      "mean": 0.5379995609073581,
      "median": 0.5427657772130425,
      "std": 0.04108978297922536,
      "variance": 0.001688370265279838,
      "range": 0.14988492921879942,
      "iqr": 0.05434230567933118,
      "cv": 0.07637512363379213,
      "skewness": -1.1608666019504423,
      "kurtosis": 0.717959248734851
    },
    "normality_tests": {
      "shapiro_wilk": {
        "statistic": 0.8710026101175177,
        "p_value": 0.034905191443971334
      },
      "anderson_darling": {
        "statistic": 0.6504509412778514,
        "critical_values": [
          0.498,
          0.568,
          0.681,
          0.794,
          0.945
        ]
      },
      "jarque_bera": {
        "statistic": 3.691194095587336,
        "p_value": 0.15793100038019478
      }
    },
    "distribution_fitting": {
      "norm": {
        "parameters": "(0.5379995609073581, 0.04108978297922536)",
        "ks_statistic": 0.1901962262637828,
        "ks_p_value": 0.5847504695062835,
        "aic": -49.191717334759154
      },
      "gamma": {
        "parameters": "(0.4081985439112339, 0.43004237288135594, 1.2158312713581498)",
        "ks_statistic": 0.5367546610318925,
        "ks_p_value": 0.0001440014407822394,
        "aic": -46.41115525336627
      },
      "beta": {
        "parameters": "(2.5539828663123645, 0.654896362826197, 0.3725287641464974, 0.20739853795365806)",
        "ks_statistic": 0.102537714549847,
        "ks_p_value": 0.9925824114674404,
        "aic": -80.0284838537229
      },
      "lognorm": {
        "parameters": "(6.269795264451024e-07, -65535.569957596075, 65536.10795714411)",
        "ks_statistic": 0.19019634205588137,
        "ks_p_value": 0.5847497157340193,
        "aic": -47.19170641709897
      },
      "weibull_min": {
        "parameters": "(0.5408724695295859, 0.43004237288135594, 0.2287883530497421)",
        "ks_statistic": 0.45134346806126113,
        "ks_p_value": 0.002616619632683004,
        "aic": -42.967204415879465
      }
    },
    "outliers": {
      "z_score_outliers": [
        13
      ],
      "iqr_outliers": [
        13
      ],
      "extreme_values": {
        "minimum": {
          "year": 2023,
          "value": 0.430042372881356
        },
        "maximum": {
          "year": 2014,
          "value": 0.5799273021001554
        }
      }
    }
  },
  "robust": {
    "robust_measures": {
      "median": 0.5427657772130425,
      "mad": 0.02851304331267812,
      "trimmed_mean_10": 0.5430787491252969,
      "trimmed_mean_20": 0.5471181100760074,
      "winsorized_mean": 0.5414076236247285,
      "huber_location": 0.5379995562457345,
      "percentile_range": {
        "5th": 0.4666495735781906,
        "10th": 0.489388545561622,
        "90th": 0.577213876764709,
        "95th": 0.5791047599357104
      }
    },
    "robust_trend": {
      "theil_sen_slope": -0.005897682077977018,
      "theil_sen_intercept": 12.438990900677016,
      "theil_sen_trend_total": -0.08256754909167825
    },
    "bootstrap": {
      "mean_ci": [
        0.5153158120648719,
        0.5569273942943223
      ],
      "std_ci": [
        0.021484366385193025,
        0.054928331212698245
      ],
      "slope_ci": [
        -0.010480003029139904,
        -0.0027068721617171344
      ],
      "mean_se": 0.010650376044805173,
      "slope_se": 0.0019796416335379693
    }
  },
  "advanced_trend": {
    "pettitt_test": {
      "statistic": 14.0,
      "change_point_index": 4,
      "change_point_year": 2014,
      "p_value": 1.442648288677884,
      "significant": false
    },
    "cusum": {
      "cusum_positive": [
        0.0,
        0.020207789468263196,
        0.032790767770502965,
        0.014670752672564277,
        0.036053602375748894,
        0.03377288624251569,
        0.042459154049498044,
        0.0,
        0.0,
        0.0,
        0.013040883248309335,
        0.0,
        0.0,
        0.0,
        0.0
      ],
      "cusum_negative": [
        0.0,
        0.0,
        0.0,
        0.0,
        0.0,
        0.0,
        0.0,
        0.00320193551738103,
        0.020692801846322467,
        0.0,
        0.0,
        0.0,
        0.0,
        0.08741229653638945,
        0.1225285920773009
      ],
      "threshold": 0.2054489148961268,
      "positive_signals": [],
      "negative_signals": [],
      "first_signal": 15
    },
    "change_points": {
      "change_points": [
        4,
        9,
        12
      ],
      "change_point_years": [
        2014,
        2019,
        2022
      ],
      "n_change_points": 3
    },
    "trend_tests": {
      "linear_regression": {
        "slope": -0.0067435168753831425,
        "intercept": 14.139673098555157,
        "r_squared": 0.5027730318578824,
        "p_value": 0.0030774689591756394,
        "std_error": 0.0018599707859572074,
        "significant": true
      },
      "spearman": {
        "correlation": -0.6928571428571427,
        "p_value": 0.0041902329602981365,
        "significant": true
      },
      "kendall": {
        "tau": -0.5047619047619049,
        "p_value": 0.008269998948239689,
        "significant": true
      }
    }
  },
  "temporal_patterns": {
    "hurst_exponent": {
      "exponent": 0.7070204373187737,
      "interpretation": "Persistent (trending)",
      "rs_values": [
        0.9999999999999964,
        1.291962766870028,
        1.6924053099325491,
        2.1260384202079905,
        1.9973494612090907
      ],
      "lags": [
        2,
        3,
        4,
        5,
        6
      ]
    },
    "dfa_exponent": {
      "exponent": NaN,
      "box_sizes": [],
      "fluctuations": []
    },
    "runs_test": {
      "n_runs": 8,
      "expected_runs": 8.466666666666667,
      "z_score": -0.2512853555162084,
      "p_value": 0.8015934966042897,
      "significant": false,
      "interpretation": "Random"
    },
    "lag1_autocorrelation": 0.41346054369856666
  }
}